{
  "shape": [
    98,
    2000,
    1700
  ],
  "min_signal_threshold_m": 1e-06,
  "pixels_total": 3400000,
  "pixels_above_signal_threshold": 3399999,
  "absolute_rms_m": {
    "count": 3400000,
    "min": 0.0,
    "median": 6.481436031112238e-08,
    "p99": 3.9465733966654695e-07,
    "max": 1.637675431857886e-05,
    "mean": 8.694671904365604e-08
  },
  "normalised_rms_dimensionless": {
    "count": 3399999,
    "min": 9.205079990251439e-08,
    "median": 3.7499490961486794e-06,
    "p99": 2.1071548682251803e-05,
    "max": 0.00043015817929524747,
    "mean": 4.766355333897734e-06
  },
  "reference_signal_std_m": {
    "count": 3399999,
    "min": 0.0001938345788984645,
    "median": 0.016368574460599777,
    "p99": 0.08581669825374473,
    "max": 0.6959511448381508,
    "mean": 0.02150878000877357
  }
}